{
  "_generated": "Generated by SweetTooth, do not edit",
  "description": "Dock for GNOME Shell 40+. Does use native GNOME Shell Dash. Very light extension.\n\n Hover the bottom of your screen and GNOME Shell dash will appear without overview and will hide when you leave the dash. Native GNOME Shell click behavior is modified: minimize if one window is open, overview if many windows are open. Scroll on the dock to change workspace. Some preferences in UI (thanks @rastersoft).\n\n I'm not notified of messages here, please report bugs only through GitHub.",
  "name": "Dock from Dash",
  "shell-version": [
    "40",
    "41",
    "42"
  ],
  "url": "https://github.com/fthx/dock-from-dash",
  "uuid": "dock-from-dash@fthx",
  "version": 57
}